<?xml version="1.0"?>
<doc>
  <members>
    <member name="T:Assert">
      <summary>
         Функции отладки, помогающие отслеживать состояние переменных в программе. Например, команда Assert.Greater(A, 0, "A must be > 0!") осуществляет проверку значений перевенной А на положительные значения. В случае, когда значение А становится отрицательным, на экран будет выведено сообщение "A must be > 0!" 
      </summary>
    </member>
    <member name="M:Failed">
      <summary>
        Вывести сообщение об ошибке на экран. Эта функция должна использоваться только в том случае, если ошибка уже произошла.
      </summary>
      <param name="message">Сообщение, которое будет выведено на экран</param>
    </member>
    <member name="M:Equal">
      <summary>
        Проверка равенства двух значений. В случае текстовых переменных регистр также учитывается - например "True" и "tRue" не будут равны.
      </summary>
      <param name="a">Первое значение</param>
      <param name="b">Второе значение</param>
      <param name="message">Сообщение, которое будет выведено в случае, если условие проверки не выполнено</param>
    </member>
    <member name="M:NotEqual">
      <summary>
        Проверка неравенства двух значений. В случае текстовых переменных регистр также учитывается - например "True" и "tRue" не будут равны.
      </summary>
      <param name="a">Первое значение</param>
      <param name="b">Второе значение</param>
      <param name="message">Сообщение, которое будет выведено в случае, если условие проверки не выполнено</param>
    </member>
    <member name="M:Less">
      <summary>
        Проверяет, меньше ли первое значение второго.
      </summary>
      <param name="a">Первое значение</param>
      <param name="b">Второе значение</param>
      <param name="message">Сообщение, которое будет выведено в случае, если условие проверки не выполнено</param>
    </member>
    <member name="M:Greater">
      <summary>
        Проверяет, больше ли первое значение второго.
      </summary>
      <param name="a">Первое значение</param>
      <param name="b">Второе значение</param>
      <param name="message">Сообщение, которое будет выведено в случае, если условие проверки не выполнено</param>
    </member>
    <member name="M:LessEqual">
      <summary>
        Проверяет, меньше или равно ли первое значение второму.
      </summary>
      <param name="a">Первое значение</param>
      <param name="b">Второе значение</param>
      <param name="message">Сообщение, которое будет выведено в случае, если условие проверки не выполнено</param>
    </member>
    <member name="M:GreaterEqual">
      <summary>
        Проверяет, больше или равно ли первое значение второму.
      </summary>
      <param name="a">Первое значение</param>
      <param name="b">Второе значение</param>
      <param name="message">Сообщение, которое будет выведено в случае, если условие проверки не выполнено</param>
    </member>
    <member name="M:Near">
      <summary>
        Проверка равенства двух значений с предварительным округлением. Например, числа 1.23 и 1.15 выполняют условие проверки, а числа 1.4 и 1.5 проверку не пройдут.
      </summary>
      <param name="a">Первое значение</param>
      <param name="b">Второе значение</param>
      <param name="message">Сообщение, которое будет выведено в случае, если условие проверки не выполнено</param>
    </member>
  </members>
</doc>