<?xml version="1.0"?>
<doc>
  <members>
    <member name="T:Buttons">
      <summary>
        Данная команда позволяет получить информацию о состоянии основного блока кнопок на блоке EV3, за исключением кнопки "Возврат" под экраном. Кнопки обозначаются с использованием следующих символов:
        U - верхняя
        E - центральная
        D - нижняя
        R - правая
        L - левая
      </summary>
    </member>
    <member name="M:GetClicks">
      <summary>
        Проверяет, какие кнопки были нажаты с момента последнего вызова GetClicks и возвращает текст, содержащий соответствующие им символы. Вызов команды сопровождается звуком нажатия кнопки, при этом происходит сброс состояний кнопок.
      </summary>
      <returns>Текст, содержащий символы нажатых кнопок (может быть пустым, если ни одна из кнопок не нажата)</returns>
    </member>
    <member name="M:Wait">
      <summary>
        Команда ожидания нажатия одной из кнопок.
      </summary>
    </member>
    <member name="M:Flush">
      <summary>
        Команда сброса состояний всех кнопок.
      </summary>
    </member>
    <member name="P:Current">
      <summary>
        Команда возвращает текст, содержащий симовлы всех нажатых в данный момент кнопок.
      </summary>
    </member>
  </members>
</doc>