<?xml version="1.0"?>
<doc>
  <members>
    <member name="T:Time">
      <summary>
        Набор команд для работы со встроенными программным таймером EV3.
      </summary>
    </member>
    <member name="M:Get1">
      <summary>
        Получить показания таймера №1 в милисекундах. Время считается с момента последнего сброса таймера (либо с момента начала работы программы).
      </summary>
      <returns>Время в милисекундах</returns>
    </member>
    <member name="M:Reset1">
      <summary>
        Сбросить таймер №1
      </summary>
    </member>
    <member name="M:Get2">
      <summary>
        Получить показания таймера №2 в милисекундах. Время считается с момента последнего сброса таймера (либо с момента начала работы программы).
      </summary>
      <returns>Время в милисекундах</returns>
    </member>
    <member name="M:Reset2">
      <summary>
        Сбросить таймер №2
      </summary>
    </member>
    <member name="M:Get3">
      <summary>
        Получить показания таймера №3 в милисекундах. Время считается с момента последнего сброса таймера (либо с момента начала работы программы).
      </summary>
      <returns>Время в милисекундах</returns>
    </member>
    <member name="M:Reset3">
      <summary>
        Сбросить таймер №3
      </summary>
    </member>
    <member name="M:Get4">
      <summary>
        Получить показания таймера №4 в милисекундах. Время считается с момента последнего сброса таймера (либо с момента начала работы программы).
      </summary>
      <returns>Время в милисекундах</returns>
    </member>
    <member name="M:Reset4">
      <summary>
        Сбросить таймер №4
      </summary>
    </member>
    <member name="M:Get5">
      <summary>
        Получить показания таймера №5 в милисекундах. Время считается с момента последнего сброса таймера (либо с момента начала работы программы).
      </summary>
      <returns>Время в милисекундах</returns>
    </member>
    <member name="M:Reset5">
      <summary>
        Сбросить таймер №5
      </summary>
    </member>
    <member name="M:Get6">
      <summary>
        Получить показания таймера №6 в милисекундах. Время считается с момента последнего сброса таймера (либо с момента начала работы программы).
      </summary>
      <returns>Время в милисекундах</returns>
    </member>
    <member name="M:Reset6">
      <summary>
        Сбросить таймер №6
      </summary>
    </member>
    <member name="M:Get7">
      <summary>
        Получить показания таймера №7 в милисекундах. Время считается с момента последнего сброса таймера (либо с момента начала работы программы).
      </summary>
      <returns>Время в милисекундах</returns>
    </member>
    <member name="M:Reset7">
      <summary>
        Сбросить таймер №7
      </summary>
    </member>
    <member name="M:Get8">
      <summary>
        Получить показания таймера №8 в милисекундах. Время считается с момента последнего сброса таймера (либо с момента начала работы программы).
      </summary>
      <returns>Время в милисекундах</returns>
    </member>
    <member name="M:Reset8">
      <summary>
        Сбросить таймер №8
      </summary>
    </member>
    <member name="M:Get9">
      <summary>
        Получить показания таймера №9 в милисекундах. Время считается с момента последнего сброса таймера (либо с момента начала работы программы).
      </summary>
      <returns>Время в милисекундах</returns>
    </member>
    <member name="M:Reset9">
      <summary>
        Сбросить таймер №9
      </summary>
    </member>
  </members>
</doc>