<?xml version="1.0"?>
<doc>
  <members>
    <member name="T:Vector">
      <summary>
        Набор команд для операций с большими массивами данных в виде одномерных массивов. В случае выполнений операций с векторами различных размерностей, недостающие элементы  будут рассматриваться как элементы с нулевыми значениями.
      </summary>
    </member>
    <member name="M:Init">
      <summary>
        Создать вектор заданного размера с указанным количеством элементов, содержащих одинаковое число.
      </summary>
      <param name="size">Размер вектора</param>
      <param name="value">Значение, которое будет задано для всех элементов</param>
      <returns>Созданный вектор</returns>
    </member>
    <member name="M:Data">
      <summary>
        Создает вектор заданного размера и заполняет элементы данными, полученными из текста. Каждое число должно быть десятичным и разделяется пробелами.
        Например, команда "V = Vector.Data(4, "47 11 8 15")2 создаст массив чисел с 4-мя значениями: 47, 11, 8 и 15.
      </summary>
      <param name="size">Размер создаваемого вектора</param>
      <param name="data">Данные в текстовой форме, которые будут занесены в массив. Если текст содержит недостаточное количество элементов, то остальным элементам создаваемого вектора будут присвоены нулевые значения</param>
      <returns>Созданный вектор</returns>
    </member>
    <member name="M:Add">
      <summary>
        Сложение двух векторов путем сложения элементов вектора с соответствующими индексами.
      </summary>
      <param name="size">Количество элементов для сложения</param>
      <param name="A">Первый вектор</param>
      <param name="B">Второй вектор</param>
      <returns>Массив, содержащий результат сложения</returns>
    </member>
    <member name="M:Sort">
      <summary>
        Сортировать элементы вектора в порядке возрастания.
      </summary>
      <param name="size">Количество элементов для сортировки</param>
      <param name="A">Массив, содержащий элементы для сортировки</param>
      <returns>Массив, содержащий элементы в порядке возрастания значений</returns>
    </member>
    <member name="M:Multiply">
      <summary>
        Матричное умножение. Исходные вектора рассматриваются как двумерные матрицы заданной ширины и высоты. Отдельные строки матрицы хранятся в векторе непосредственно одна за другой.
      </summary>
      <param name="rows">Количество строк в результирующей матрице</param>
      <param name="columns">Количество столбцов в результирующей матрице</param>
      <param name="k">Количество столбцов в исходной матрице А и количество строк в исходной матрице В</param>
      <param name="A">Матрица А размера строк * k</param>
      <param name="B">Матрица В размера столбцов * k</param>
      <returns>Матрица, содержащая результат умножения</returns>
    </member>
  </members>
</doc>