﻿<?xml version="1.0"?>
<doc>
  <members>
    <member name="T:Buttons">
      <summary>
        Ця команда дозволяє отримати інформацію про стан основного блоку кнопок на блоці EV3, за винятком кнопки "Повернення" під екраном. Кнопки позначаються наступними символами:
        U - верхня
        D - нижня
        L - ліва
        R - права
        E - центральна
      </summary>
    </member>
    <member name="M:GetClicks">
      <summary>
        Перевіряє, які кнопки були натиснуті з моменту останнього виклику GetClicks і повертає текст, що містить відповідні їм символи. Виклик команди супроводжується звуком натискання кнопки, при цьому відбувається скидання станів кнопок.
      </summary>
      <returns>
        Текст, який містить символи натиснутих кнопок (може бути порожнім, якщо жодна з кнопок не була натиснута)
      </returns>
    </member>
    <member name="M:Wait">
      <summary>
        Чекає, поки буде натиснута кнопка. Якщо перед викликом цієї функції вже натискали кнопки, вона повертається негайно.
      </summary>
    </member>
    <member name="M:Flush">
      <summary>
        Команда скидання станів всіх кнопок.
      </summary>
    </member>
    <member name="P:Current">
      <summary>
        Команда повертає текст, що містить символи всіх кнопок, що натиснуті в даний момент.
      </summary>
    </member>
  </members>
</doc>