<?xml version="1.0"?>
<doc>
  <members>
    <member name="T:Mailbox">
      <summary>
        Відправлення повідомлень між декількома блоками EV3 через радіоканал Bluetooth.
      </summary>
    </member>
    <member name="M:Create">
      <summary>
        Створення поштової скриньки з вказаним ім'ям, яка буде приймати вхідні повідомлення, адресовані цьому блоку EV3 у дану скриньку. Вхідні повідомлення будуть зберігатися тільки після створення скриньки. Кількість створених скриньок не повинна перевищувати 30.
      </summary>
      <param name="boxname">Ім'я поштової скриньки</param>
      <returns>Цифровий ідентифікатор поштової скриньки. Необхідний для отримання повідомлення зі скриньки</returns>
    </member>
    <member name="M:CreateForNumber">
      <summary>
        Створення поштової скриньки з вказаним ім'ям, яка буде приймати вхідні повідомлення (число), адресовані цьому блоку EV3 у дану скриньку. Вхідні повідомлення будуть зберігатися тільки після створення скриньки. Кількість створених скриньок не повинна перевищувати 30.
      </summary>
      <param name="boxname">Ім'я поштової скриньки</param>
      <returns>Цифровий ідентифікатор поштової скриньки. Необхідний для отримання повідомлення зі скриньки</returns>
    </member>
    <member name="M:Send">
      <summary>
        Надіслати повідомлення на інший блок EV3 на вказану поштову скриньку.
      </summary>
      <param name="brickname">Ім'я блоку EV3, на який відправляється повідомлення. Bluetooth-з'єднання з блоком має бути активним під час пересилання повідомлень. Якщо поле залишити порожнім, то повідомлення буде відправлено всім підключеним блокам EV3.</param>
      <param name="boxname">Ім'я поштової скриньки, в яку потрібно надіслати повідомлення</param>
      <param name="number">Повідомлення - число.</param>
    </member>
    <member name="M:SendNumber">
      <summary>
        Надіслати повідомлення на інший блок EV3 на вказану поштову скриньку.
      </summary>
      <param name="brickname">Ім'я блоку EV3, на який відправляється повідомлення. Bluetooth-з'єднання з блоком має бути активним під час пересилання повідомлень. Якщо поле залишити порожнім, то повідомлення буде відправлено всім підключеним блокам EV3.</param>
      <param name="boxname">Ім'я поштової скриньки, в яку потрібно надіслати повідомлення</param>
      <param name="message">Повідомлення в текстовому форматі.</param>
    </member>
    <member name="M:IsAvailable">
      <summary>
        Перевірка наявності нового повідомлення в зазначеній поштовій скриньці.
      </summary>
      <param name="id">Цифровий ідентифікатор поштової скриньки</param>
      <returns>"True" якщо повідомлення прийшло. "False" в іншому випадку</returns>
    </member>
    <member name="M:Receive">
      <summary>
        Отримати останнє повідомлення із зазначеної локальної поштової скриньки. Якщо скринька порожня, програма буде чекати до тих пір, поки не з'явиться нове повідомлення в скриньці.
        Після прочитання повідомлення буде видалено, і наступний виклик Receive чекатиме нового повідомлення в скриньці (щоб уникнути блокування при очікуванні, використовуйте IsAvailable). Якщо поштова скринька з таким ім'ям не існує, команда поверне порожній текст.
      </summary>
      <param name="id">Цифровий ідентифікатор поштової скриньки</param>
      <returns>Повідомлення в тестовому форматі</returns>
    </member>
    <member name="M:ReceiveNumber">
      <summary>
        Отримати останнє повідомлення із зазначеної локальної поштової скриньки. Якщо скринька порожня, програма буде чекати до тих пір, поки не з'явиться нове повідомлення в скриньці.
        Після прочитання повідомлення буде видалено, і наступний виклик Receive чекатиме нового повідомлення в скриньці (щоб уникнути блокування при очікуванні, використовуйте IsAvailable). Якщо поштова скринька з таким ім'ям не існує, команда поверне порожній текст.
      </summary>
      <param name="id">Цифровий ідентифікатор поштової скриньки</param>
      <returns>Повідомлення - число</returns>
    </member>
    <member name="M:Connect">
      <summary>
        З'єднатися з іншим блоком EV3 по Bluetooth. Тільки після того як з'єднання встановлено (цією командою або з меню блоку EV3), повідомлення можуть відправлятися і прийматися.
      </summary>
      <param name="brickname">Ім'я блоку EV3, з яким потрібно встановити з'єднання</param>
    </member>
  </members>
</doc>