﻿<?xml version="1.0"?>
<doc>
  <members>
    <member name="T:MotorCD">
      <summary>
        Набір оптимізованих команд для моторів, підключених до портів "C" та "D". Низькорівнева оптимізація дозволяє досягти меншого часу обробки команди і отримати приріст продуктивності при її використанні в циклічних алгоритмах (таких як, наприклад, PID-контролери руху).
      </summary>
    </member>
    <member name="M:Off">
      <summary>
        Зупинити зазначені мотори. Ротори двигунів продовжать обертання по інерції.
      </summary>
    </member>
    <member name="M:OffAndBrake">
      <summary>
        Зупинити зазначені мотори. Ротори двигунів зупиняться і будуть утримувати положення.
      </summary>
    </member>
    <member name="M:SetPower">
      <summary>
        Встановити потужність зазначених моторів.
      </summary>
      <param name="power">Потужність від -100 до 100. Знак визначає напрям обертання моторів</param>
    </member>
    <member name="M:SetSpeed">
      <summary>
        Встановити швидкість зазначених моторів.
      </summary>
      <param name="speed">Швидкість від -100 до 100. Знак визначає напрям обертання моторів</param>
    </member>
    <member name="M:Start">
      <summary>
        Запустити зазначені мотори. Буде використана швидкість або потужність встановлена раніше (за замовчуванням буде виставлений 0).
      </summary>
    </member>
    <member name="M:StartPower">
      <summary>
        Встановити потужність і запустити зазначені мотори.
      </summary>
      <param name="power">Потужність від -100 до 100. Знак визначає напрям обертання моторів</param>
    </member>
    <member name="M:StartSpeed">
      <summary>
        Встановити швидкість і запустити зазначені мотори.
      </summary>
      <param name="speed">Швидкість від -100 до 100. Знак визначає напрям обертання моторів</param>
    </member>
  </members>
</doc>