<?xml version="1.0"?>
<doc>
  <members>
    <member name="T:Sensor2">
      <summary>
        Набір оптимізованих команд для роботи з датчиком, підключеним до порту "2".
      </summary>
    </member>
    <member name="M:Raw1">
      <summary>
        Отримує перше необроблене (RAW) значення з масиву показань з датчика, підключеного до зазначеного порту.
      </summary>
      <returns>Виміряне значення</returns>
    </member>
    <member name="M:Raw3">
      <summary>
        Отримує три перших необроблених (RAW) значення з масиву показань з датчика, підключеного до зазначеного порту.
      </summary>
      <param name="var1">Змінна, в яку записується 1-е значення</param>
      <param name="var2">Змінна, в яку записується 2-е значення</param>
      <param name="var3">Змінна, в яку записується 3-е значення</param>
    </member>
  </members>
</doc>