<?xml version="1.0"?>
<doc>
  <members>
    <member name="T:MotorD">
      <summary>
        A set of quick methods for a motor connected to port D.
      </summary>
    </member>
    <member name="M:GetTacho">
      <summary>
        Query the current rotation count of a single motor for port D. 
        As long as the counter is not reset it will accurately measure all movements of a motor, even if the motor is driven by some external force while not actively running.
        Note that this command does not work for motors connected via daisy-chaining.
      </summary>
      <returns>The current rotation count in degrees for motor port B</returns>
    </member>
    <member name="M:GetSpeed">
      <summary>
        Query the current speed of a single motor for port D.
        Note that this command does not work for motors connected via daisy-chaining.
      </summary>
      <returns>Current speed in range -100 to 100</returns>
    </member>
    <member name="M:ResetCount">
      <summary>
        Set the rotation count of motor port D to 0.
      </summary>
    </member>
    <member name="M:SetDirectPolarity">
      <summary>
        Sets the direct polarity for motor to port D
      </summary>
    </member>
    <member name="M:SetReversPolarity">
      <summary>
        Sets the direct polarity for motor to port D
      </summary>
    </member>
    <member name="M:Off">
      <summary>
        Stop motor port D. This will also cancel any scheduled movement for this motor.
        Motor will continue to rotate by inertia
      </summary>
    </member>
    <member name="M:OffAndBrake">
      <summary>
        Stop motor port D. This will also cancel any scheduled movement for this motor.
        Motor will stop completely
      </summary>
    </member>
    <member name="M:IsLarge">
      <summary>
        Set the motor type for port D - Large motor
      </summary>
    </member>
    <member name="M:IsMedium">
      <summary>
        Set the motor type for port D - Medium motor
      </summary>
    </member>
    <member name="M:SetSpeed">
      <summary>
        Set motor speed to port D.
      </summary>
      <param name="speed">Speed value from -100 (full reverse) to 100 (full forward)</param>
    </member>
    <member name="M:SetPower">
      <summary>
        Set motor power to port D.
      </summary>
      <param name="power">Speed value from -100 (full reverse) to 100 (full forward)</param>
    </member>
    <member name="M:Start">
      <summary>
        Start motor to port D
      </summary>
    </member>
    <member name="M:StartSpeed">
      <summary>
        Set motor speed to port D, then start motor.
      </summary>
      <param name="speed">Speed value from -100 (full reverse) to 100 (full forward)</param>
    </member>
    <member name="M:StartPower">
      <summary>
        Set motor power to port D, then start motor.
      </summary>
      <param name="power">Speed value from -100 (full reverse) to 100 (full forward)</param>
    </member>
  </members>
</doc>