<?xml version="1.0"?>
<doc>
  <members>
    <member name="T:MotorC">
      <summary>
        Набір оптимізованих команд для мотора, підключеного до порту "C". Низькорівнева оптимізація дозволяє досягти меншого часу обробки команди і отримати приріст продуктивності при її використанні в циклічних алгоритмах (таких як, наприклад, PID-контролери руху).
      </summary>
    </member>
    <member name="M:GetTacho">
      <summary>
        Отримати кількість оборотів з енкодера (лічильника обертів) зазначеного мотора. Енкодер функціонує незалежно від того, чи запущений мотор відповідними командами, або його ротор обертається за рахунок зовнішніх сил.
      </summary>
      <returns>Поточні покази енкодера, знак визначає напрямок обертання мотора</returns>
    </member>
    <member name="M:GetSpeed">
      <summary>
        Отримати швидкість обертання ротора (лічильника обертів) з енкодера зазначеного мотора. Енкодер функціонує незалежно від того, чи запущений мотор відповідними командами, або його ротор обертається за рахунок зовнішніх сил.
      </summary>
      <returns>Поточне значення швидкості мотора від -100 до 100</returns>
    </member>
    <member name="M:ResetCount">
      <summary>
        Скидання енкодера зазначеного мотора.
      </summary>
    </member>
    <member name="M:SetDirectPolarity">
      <summary>
        Задати пряму полярність зазначеного мотора.
      </summary>
    </member>
    <member name="M:SetReversPolarity">
      <summary>
        Задати зворотну полярність зазначеного мотора.
      </summary>
    </member>
    <member name="M:Off">
      <summary>
        Зупинити зазначений мотор. Ротор двигуна продовжить обертання по інерції.
      </summary>
    </member>
    <member name="M:OffAndBrake">
      <summary>
        Зупинити зазначений мотор. Ротор двигуна зупиниться і буде утримувати положення.
      </summary>
    </member>
    <member name="M:IsLarge">
      <summary>
        Встановити тип "Великий мотор" для зазначеного порту.
      </summary>
    </member>
    <member name="M:IsMedium">
      <summary>
        Встановити тип "Середній мотор" для зазначеного порту.
      </summary>
    </member>
    <member name="M:SetPower">
      <summary>
        Встановити потужність зазначеного мотора.
      </summary>
      <param name="power">Потужність від -100 до 100. Знак визначає напрям обертання мотора</param>
    </member>
    <member name="M:SetSpeed">
      <summary>
        Встановити швидкість зазначеного мотора.
      </summary>
      <param name="speed">Швидкість від -100 до 100. Знак визначає напрям обертання мотора</param>
    </member>
    <member name="M:Start">
      <summary>
        Запустити зазначений мотор. Буде використана швидкість, або потужність встановлена раніше (за замовчуванням буде виставлений 0).
      </summary>
    </member>
    <member name="M:StartPower">
      <summary>
        Встановити потужність і запустити зазначений мотор.
      </summary>
      <param name="power">Потужність від -100 до 100. Знак визначає напрям обертання мотора</param>
    </member>
    <member name="M:StartSpeed">
      <summary>
        Встановити швидкість і запустити зазначений мотор.
      </summary>
      <param name="speed">Швидкість від -100 до 100. Знак визначає напрям обертання мотора</param>
    </member>
  </members>
</doc>