﻿<?xml version="1.0"?>
<doc>
  <members>
    <member name="T:Vector">
      <summary>
        Набір команд для операцій з великими масивами даних у вигляді одновимірних масивів. У разі виконань операцій з векторами різних розмірностей відсутні елементи будуть розглядатися як елементи з нульовими значеннями.
      </summary>
    </member>
    <member name="M:Init">
      <summary>
        Створити вектор заданого розміру з вказаною кількістю елементів, що містять однакове значення.
      </summary>
      <param name="size">Розмір вектора</param>
      <param name="value">Значення, яке буде задано для всіх елементів</param>
      <returns>Створений вектор</returns>
    </member>
    <member name="M:Data">
      <summary>
        Створює вектор заданого розміру і заповнює елементи даними, отриманими з тексту. Кожне число має бути десятковим і розділяється пробілами.
        Наприклад, команда "V = Vector.Data (4," 47 11 8 15 ") створить масив чисел з 4-ма значеннями: 47, 11, 8 і 15.
      </summary>
      <param name="size">Розмір створюваного вектора</param>
      <param name="data">Дані в текстовій формі, які будуть занесені в масив. Якщо текст містить недостатню кількість елементів, то іншим елементам створюваного вектора будуть присвоєні нульові значення</param>
      <returns>Створений вектор</returns>
    </member>
    <member name="M:Add">
      <summary>
        Додавання двох векторів шляхом додавання елементів вектора з відповідними індексами.
      </summary>
      <param name="size">Кількість елементів для додавання</param>
      <param name="A">Перший вектор</param>
      <param name="B">Другий вектор</param>
      <returns>Масив, що містить результат додавання</returns>
    </member>
    <member name="M:Sort">
      <summary>
        Сортувати елементи вектора в порядку зростання.
      </summary>
      <param name="size">Кількість елементів для сортування</param>
      <param name="A">Масив, що містить елементи для сортування</param>
      <returns>Масив, що містить елементи в порядку зростання значень</returns>
    </member>
    <member name="M:Multiply">
      <summary>
        Матричне множення. Вихідні вектора розглядаються як двомірні матриці заданої ширини і висоти. Окремі рядки матриці зберігаються у векторі безпосередньо одна за одною.
      </summary>
      <param name="rows">Кількість рядків у результуючій матриці</param>
      <param name="columns">Кількість стовпців у результуючій матриці</param>
      <param name="k">Кількість стовпців у вихідній матриці А і кількість рядків у вихідній матриці В</param>
      <param name="A">Матриця А розміру рядків * k</param>
      <param name="B">Матриця В розміру стовпців * k</param>
      <returns>Матриця, що містить результат множення</returns>
    </member>
  </members>
</doc>