<?xml version="1.0"?>
<doc>
  <members>
    <member name="T:Math">
      <summary>
        The Math class provides lots of useful mathematics related methods
      </summary>
    </member>
    <member name="M:Abs">
      <summary>
        Gets the absolute value of the given number.  For example, -32.233 will return 32.233.
      </summary>
      <param name="number">
        The number to get the absolute value for.
      </param>
      <returns>
        The absolute value of the given number.
      </returns>
    </member>
    <member name="M:Ceiling">
      <summary>
        Returns the smallest integer that is greater than or equal to the argument.  It rounds up the integer value.
        For example, 32.233 will return 33. Also, 44 will return 44.
      </summary>
      <param name="number">
        The number whose ceiling is required.
      </param>
      <returns>
        The ceiling value of the given number.
      </returns>
    </member>
    <member name="M:Floor">
      <summary>
        Returns the largest integer that is less than or equal to the argument.  It rounds down the integer value.
        For example, 32.233 will return 32. Also, 44 will return 44.
      </summary>
      <param name="number">
        The number whose floor value is required.
      </param>
      <returns>
        The floor value of the given number.
      </returns>
    </member>
    <member name="M:NaturalLog">
      <summary>
        Gets the natural logarithm value of the given number.
      </summary>
      <param name="number">
        The number whose natural logarithm value is required.
      </param>
      <returns>
        The natural log value of the given number.
      </returns>
    </member>
    <member name="M:Log">
      <summary>
        Gets the logarithm (base 10) value of the given number.
      </summary>
      <param name="number">
        The number whose logarithm value is required
      </param>
      <returns>
        The log value of the given number
      </returns>
    </member>
    <member name="M:Cos">
      <summary>
        Gets the cosine of the given angle in radians.
      </summary>
      <param name="angle">
        The angle whose cosine is needed (in radians).
      </param>
      <returns>
        The cosine of the given angle.
      </returns>
    </member>
    <member name="M:Sin">
      <summary>
        Gets the sine of the given angle in radians.
      </summary>
      <param name="angle">
        The angle whose sine is needed (in radians)
      </param>
      <returns>
        The sine of the given angle
      </returns>
    </member>
    <member name="M:Tan">
      <summary>
        Gets the tangent of the given angle in radians.
      </summary>
      <param name="angle">
        The angle whose tangent is needed (in radians).
      </param>
      <returns>
        The tangent of the given angle.
      </returns>
    </member>
    <member name="M:ArcSin">
      <summary>
        Gets the angle in radians, given the sin value.
      </summary>
      <param name="sinValue">
        The sine value whose angle is needed.
      </param>
      <returns>
        The angle (in radians) for the given sine Value.
      </returns>
    </member>
    <member name="M:ArcCos">
      <summary>
        Gets the angle in radians, given the cosine value.
      </summary>
      <param name="cosValue">
        The cosine value whose angle is needed.
      </param>
      <returns>
        The angle (in radians) for the given cosine Value.
      </returns>
    </member>
    <member name="M:ArcTan">
      <summary>
        Gets the angle in radians, given the tangent value.
      </summary>
      <param name="tanValue">
        The tangent value whose angle is needed.
      </param>
      <returns>
        The angle (in radians) for the given tangent Value.
      </returns>
    </member>
    <member name="M:GetDegrees">
      <summary>
        Converts a given angle in radians to degrees.
      </summary>
      <param name="angle">
        The angle in radians.
      </param>
      <returns>
        The converted angle in degrees.
      </returns>
    </member>
    <member name="M:GetRadians">
      <summary>
        Converts a given angle in degrees to radians.
      </summary>
      <param name="angle">
        The angle in degrees.
      </param>
      <returns>
        The converted angle in radians.
      </returns>
    </member>
    <member name="M:SquareRoot">
      <summary>
        Gets the square root of a given number.
      </summary>
      <param name="number">
        The number whose square root value is needed.
      </param>
      <returns>
        The square root value of the given number.
      </returns>
    </member>
    <member name="M:Power">
      <summary>
        Raises the base number to the specified power.
      </summary>
      <param name="baseNumber">
        The number to be raised to the exponent power.
      </param>
      <param name="exponent">
        The power to raise the base number.
      </param>
      <returns>
        The base number raised to the specified exponent.
      </returns>
    </member>
    <member name="M:Round">
      <summary>
        Rounds a given number to the nearest integer.  For example 32.233 will be rounded to 32.0 while 
        32.566 will be rounded to 33.
      </summary>
      <param name="number">
        The number whose approximation is required.
      </param>
      <returns>
        The rounded value of the given number.
      </returns>
    </member>
    <member name="M:Max">
      <summary>
        Compares two numbers and returns the greater of the two.
      </summary>
      <param name="number1">
        The first of the two numbers to compare.
      </param>
      <param name="number2">
        The second of the two numbers to compare.
      </param>
      <returns>
        The greater value of the two numbers.
      </returns>
    </member>
    <member name="M:Min">
      <summary>
        Compares two numbers and returns the smaller of the two.
      </summary>
      <param name="number1">
        The first of the two numbers to compare.
      </param>
      <param name="number2">
        The second of the two numbers to compare.
      </param>
      <returns>
        The smaller value of the two numbers.
      </returns>
    </member>
    <member name="M:Remainder">
      <summary>
        Divides the first number by the second and returns the remainder.
      </summary>
      <param name="dividend">
        The number to divide.
      </param>
      <param name="divisor">
        The number that divides.
      </param>
      <returns>
        The remainder after the division.
      </returns>
    </member>
    <member name="M:GetRandomNumber">
      <summary>
        Gets a random number between 1 and the specified maxNumber (inclusive).
      </summary>
      <param name="maxNumber">
        The maximum number for the requested random value.
      </param>
      <returns>
        A Random number that is less than or equal to the specified max.
      </returns>
    </member>
    <member name="M:DoubleToDecimal">
      <summary>
        Handles double to decimal conversion
      </summary>
      <param name="number">
        The input number
      </param>
      <returns>
        The output number
      </returns>
    </member>
    <member name="P:Pi">
      <summary>
        Gets the value of Pi
      </summary>
    </member>
  </members>
</doc>