<?xml version="1.0"?>
<doc>
  <members>
    <member name="T:LCD">
      <summary>
        Control the LCD display on the EV3 brick.
        The EV3 has a black-and-white display with 178x128 pixels. All pixels are addressed with X,Y coordinates where X=0 is the left edge and Y=0 is the top edge.
      </summary>
    </member>
    <member name="M:StopUpdate">
      <summary>
        Memorize all subsequent changes to the display instead of directly drawing them. 
        At the next call to Update(), these changes will be finally drawn. 
        You can use this feature to prevent flickering or to speed up drawing complex things to the LCD.
      </summary>
    </member>
    <member name="M:Update">
      <summary>
        Draw all changes to the display that have happened since the last call to StopUpdate().
        After Update() everything will again be drawn directly unless you use the StopUpdate() once more.
      </summary>
    </member>
    <member name="M:Clear">
      <summary>
        Set all pixels of the display to white.
      </summary>
    </member>
    <member name="M:Pixel">
      <summary>
        Set a single pixel on the display to a color.
      </summary>
      <param name="color">0 (white) or 1 (black)</param>
      <param name="x">X coordinate</param>
      <param name="y">Y coordinate</param>
    </member>
    <member name="M:Line">
      <summary>
        Set a straight line of pixels to a color.
      </summary>
      <param name="color">0 (white) or 1 (black)</param>
      <param name="x1">X coordinate of start point</param>
      <param name="y1">Y coordinate of start point</param>
      <param name="x2">X coordinate of end point</param>
      <param name="y2">Y coordinate of end point</param>
    </member>
    <member name="M:Circle">
      <summary>
        Draws a circle in the given color.
      </summary>
      <param name="color">0 (white) or 1 (black)</param>
      <param name="x">X coordinate of center point</param>
      <param name="y">Y coordinate of center point</param>
      <param name="radius">Radius of the circle</param>
    </member>
    <member name="M:Text">
      <summary>
        Write a given text (or number) in a color to the display
      </summary>
      <param name="color">0 (white) or 1 (black)</param>
      <param name="x">X coordinate where text starts</param>
      <param name="y">Y coordinate of the top corner</param>
      <param name="font">Size of the letters: 0 (TINY), 1 (SMALL), 2 (BIG)</param>
      <param name="text">The text (or number) to write to the display</param>
    </member>
    <member name="M:Write">
      <summary>
        Write a given text (or number) in black color to the display.
        When you need more control over the visual appearance, use the function 'Text' instead.
      </summary>
      <param name="x">X coordinate where text starts</param>
      <param name="y">Y coordinate of the top corner</param>
      <param name="text">The text (or number) to write to the display</param>
    </member>
    <member name="M:FillRect">
      <summary>
        Fill a rectangle with a color.
      </summary>
      <param name="color">0 (white) or 1 (black)</param>
      <param name="x">Left edge of rectangle</param>
      <param name="y">Top edge of rectangle</param>
      <param name="width">Width of rectangle</param>
      <param name="height">Height of rectangle</param>
    </member>
    <member name="M:Rect">
      <summary>
        Draw an outline of a rectangle with a color.
      </summary>
      <param name="color">0 (white) or 1 (black)</param>
      <param name="x">Left edge of rectangle</param>
      <param name="y">Top edge of rectangle</param>
      <param name="width">Width of rectangle</param>
      <param name="height">Height of rectangle</param>
    </member>
    <member name="M:InverseRect">
      <summary>
        Invert the colors of all pixels inside of a rectangle
      </summary>
      <param name="x">Left edge of rectangle</param>
      <param name="y">Top edge of rectangle</param>
      <param name="width">Width of rectangle</param>
      <param name="height">Height of rectangle</param>
    </member>
    <member name="M:FillCircle">
      <summary>
        Draws a filled circle with a given color.
      </summary>
      <param name="color">0 (white) or 1 (black)</param>
      <param name="x">X coordinate of center point</param>
      <param name="y">Y coordinate of center point</param>
      <param name="radius">Radius of the circle</param>
    </member>
    <member name="M:BmpFile">
      <summary>
        Draw a bitmap file in a given color to the display. Only files in .rgf format are supported. 
      </summary>
      <param name="color">0 (white) or 1 (black)</param>
      <param name="x">X coordinate of left edge</param>
      <param name="y">Y coordinate of top edge</param>
      <param name="filename">Name of the bitmap file without the .rgf extension. This filename can be relative to the 'prjs' folder or an absolute path (when starting with '/').</param>
    </member>
  </members>
</doc>