<?xml version="1.0"?>
<doc>
  <members>
    <member name="T:Program">
      <summary>
        The Program class provides helpers to control the program execution.
      </summary>
    </member>
    <member name="M:Delay">
      <summary>
        Delays program execution by the specified amount of MilliSeconds.
      </summary>
      <param name="milliSeconds">
        The amount of delay.
      </param>
    </member>
    <member name="M:End">
      <summary>
        Ends the program.
      </summary>
    </member>
    <member name="M:GetArgument">
      <summary>
        Returns the specified argument passed to this program.
      </summary>
      <param name="index">
        Index of the argument.
      </param>
      <returns>
        The command-line argument at the specified index.
      </returns>
    </member>
    <member name="P:ArgumentCount">
      <summary>
        Gets the number of command-line arguments passed to this program.
      </summary>
    </member>
    <member name="P:Directory">
      <summary>
        Gets the executing program's directory.
      </summary>
    </member>
  </members>
</doc>