﻿<?xml version="1.0"?>
<doc>
  <members>
    <member name="T:Assert">
      <summary>
        Функції налагодження, що допомагають відслідковувати стан змінних в програмі. Наприклад, команда Assert.Greater (A, 0, "A must be > 0!") здійснює перевірку значень змінної А на додатне значення. У разі, коли значення А стає від'ємним, на екран буде виведено повідомлення "A must be > 0!"
      </summary>
    </member>
    <member name="M:Failed">
      <summary>
        Вивести повідомлення про помилку на екран. Ця функція повинна використовуватися тільки в тому випадку, якщо помилка вже виникла.
      </summary>
      <param name="message">Повідомлення, яке буде виведено на екран</param>
    </member>
    <member name="M:Equal">
      <summary>
        Перевірка рівності двох значень. У разі текстових змінних регістр також враховується: наприклад, "True" та "tRue" не рівні.
      </summary>
      <param name="a">Перше значення</param>
      <param name="b">Друге значення</param>
      <param name="message">Повідомлення, яке буде виведено в разі, якщо умову перевірки не виконано</param>
    </member>
    <member name="M:NotEqual">
      <summary>
        Перевірка нерівності двох значень. У випадку текстових змінних регістр також враховується: наприклад, "True" та "tRue" не рівні.
      </summary>
      <param name="a">Перше значення</param>
      <param name="b">Друге значення</param>
      <param name="message">Повідомлення, яке буде виведено в разі, якщо умову перевірки не виконано</param>
    </member>
    <member name="M:Less">
      <summary>
        Перевіряє, чи менше перше значення за друге.
      </summary>
      <param name="a">Перше значення</param>
      <param name="b">Друге значення</param>
      <param name="message">Повідомлення, яке буде виведено в разі, якщо умову перевірки не виконано</param>
    </member>
    <member name="M:Greater">
      <summary>
        Перевіряє, чи більше перше значення за друге.
      </summary>
      <param name="a">Перше значення</param>
      <param name="b">Друге значення</param>
      <param name="message">Повідомлення, яке буде виведено в разі, якщо умову перевірки не виконано</param>
    </member>
    <member name="M:LessEqual">
      <summary>
        Перевіряє, чи перше значення є меншим або дорівнює другому.
      </summary>
      <param name="a">Перше значення</param>
      <param name="b">Друге значення</param>
      <param name="message">Повідомлення, яке буде виведено в разі, якщо умову перевірки не виконано</param>
    </member>
    <member name="M:GreaterEqual">
      <summary>
        Перевіряє, чи перше значення є більшим або дорівнює другому.
      </summary>
      <param name="a">Перше значення</param>
      <param name="b">Друге значення</param>
      <param name="message">Повідомлення, яке буде виведено в разі, якщо умову перевірки не виконано</param>
    </member>
    <member name="M:Near">
      <summary>
        Перевірка рівності двох значень з попередніми округленням до цілого. Наприклад, числа 1.23 та 1.15 відповідають умові перевірки, а числа 1.4 і 1.5 перевірку не пройдуть.
      </summary>
      <param name="a">Перше значення</param>
      <param name="b">Друге значення</param>
      <param name="message">Повідомлення, яке буде виведено в разі, якщо умову перевірки не виконано</param>
    </member>
  </members>
</doc>